feature,threshold
26,0.7649999856948853
10,131.5
8,8.5
9,430.0
20,1.5
9,219.0
0,750.0
14,0.07499999925494194
14,0.054999999701976776
27,0.10500000044703484
26,0.7250000238418579
35,0.925000011920929
31,285.20499420166016
25,0.42499999701976776
45,0.4150000065565109
37,94.0
46,0.824999988079071
1,26903.0
25,0.5149999856948853
4,0.824999988079071
4,0.8849999904632568
11,0.024999999441206455
44,4.5
40,7.5
25,0.8849999904632568
7,112.5
32,17.4399995803833
9,219.0
46,0.9900000095367432
46,0.9750000238418579
11,0.024999999441206455
15,0.044999999925494194
46,0.824999988079071
26,0.6200000047683716
10,49.5
28,0.054999999701976776
39,1.5
26,0.7749999761581421
29,186.0
42,2.5
32,68.25
16,0.054999999701976776
15,0.08500000089406967
42,2.5
14,0.08500000089406967
1,27783.5
4,0.8849999904632568
34,0.0400000000372529
33,515.4599914550781
17,0.07500000111758709
0,750.0
11,0.0400000000372529
27,0.019999999552965164
